{
  "name": "quiz",
  "plural": "quizes",
  "base": "PersistedModel",
  "idInjection": true,
  "options": {
    "validateUpsert": true
  },
  "properties": {
    "author": {
      "type": "string",
      "required": true
    },
    "title": {
      "type": "string",
      "required": true
    },
    "pass_pct": {
      "type": "number",
      "required": true,
      "default": 0.8
    }
  },
  "validations": [],
  "relations": {
    "questions": {
      "type": "hasMany",
      "model": "question",
      "foreignKey": "",
      "options": {
        "nestRemoting": true
      }
    }
  },
  "acls": [],
  "methods": {}
}
